{
  "basic_stats": {
    "observations": {
      "count": 1825,
      "mean": 1.6047687017023873,
      "std": 2.9885184498896358,
      "min": 0.0,
      "max": 24.498623868445442,
      "p5": 0.0,
      "p25": 0.0,
      "p50": 0.0,
      "p75": 2.231069691936883,
      "p95": 7.425729614427487,
      "p99": 13.442570218043604
    },
    "raw_model": {
      "count": 1825,
      "mean": 2.0387787435753957,
      "std": 3.542887166435962,
      "min": 0,
      "max": 29.374703431417053,
      "p5": 0.0,
      "p25": 0,
      "p50": 0.44138564214935766,
      "p75": 2.7181951559572557,
      "p95": 8.85091711538137,
      "p99": 16.182257567320864
    },
    "debiased": {
      "count": 1825,
      "mean": 1.7344741913455262,
      "std": 3.114236815245929,
      "min": 0,
      "max": 25.864596150498087,
      "p5": 0.0,
      "p25": 0,
      "p50": 0.17887611817547883,
      "p75": 2.324867198318176,
      "p95": 7.867470197632518,
      "p99": 13.88754347096406
    }
  },
  "wet_day_analysis": {
    "observations": {
      "frequency_percent": 39.78082191780822,
      "count": 726,
      "total_days": 1825,
      "stats": {
        "count": 726,
        "mean": 4.033933900589935,
        "std": 3.557711105239666,
        "min": 0.2267884417691093,
        "max": 24.498623868445442,
        "p5": 0.5901842836227416,
        "p25": 1.6345625159129247,
        "p50": 3.007281475492233,
        "p75": 5.343991859444102,
        "p95": 10.650856718730154,
        "p99": 17.938346261800188
      }
    },
    "raw_model": {
      "frequency_percent": 65.26027397260275,
      "count": 1191,
      "total_days": 1825,
      "stats": {
        "count": 1191,
        "mean": 3.120970720377057,
        "std": 3.983118307666082,
        "min": 0.10008104501448847,
        "max": 29.374703431417053,
        "p5": 0.15735820742045362,
        "p25": 0.4696481483726394,
        "p50": 1.4767233462549945,
        "p75": 4.459283530325167,
        "p95": 10.566457023975751,
        "p99": 18.33966831561977
      }
    },
    "debiased": {
      "frequency_percent": 58.3013698630137,
      "count": 1064,
      "total_days": 1825,
      "stats": {
        "count": 1064,
        "mean": 2.9645440785969734,
        "std": 3.6068038716987187,
        "min": 0.10005189602999581,
        "max": 25.864596150498087,
        "p5": 0.12967991766803744,
        "p25": 0.27527367102946326,
        "p50": 1.8651650846265795,
        "p75": 4.324274563279366,
        "p95": 9.514205575729367,
        "p99": 17.486855602953653
      }
    }
  },
  "monthly_means": {
    "observations": [
      1.5911972950434004,
      2.0292175157029693,
      2.8666394440312883,
      1.9579632191042982,
      2.311432995228038,
      2.1609657688160193,
      1.4825882056052708,
      1.0114868012869873,
      0.7367971814112818,
      0.825768231872127,
      0.9545174913029021,
      1.3099514946251107
    ],
    "raw_model": [
      2.056645052099318,
      2.5400562045436836,
      3.5553328780987576,
      2.44879557187711,
      2.8706368025508486,
      2.692822001606997,
      1.9175961830259485,
      1.3396945466101242,
      0.9976893131884026,
      1.0958986669544026,
      1.2777176401917862,
      1.64818278213304
    ],
    "debiased": [
      1.7321889767763332,
      2.1827379063822816,
      3.066217748458702,
      2.098510007118169,
      2.477579496089949,
      2.2970256843244505,
      1.600490351834769,
      1.1116358085823606,
      0.8380778655559501,
      0.9022123651097937,
      1.0510388234023211,
      1.4364507263506825
    ]
  },
  "correlations": {
    "obs_vs_raw": 0.9937681646693196,
    "obs_vs_debiased": 0.9986891135906023
  }
}